Entity,Code,Year,"Inbound mobility rate, both sexes (%)"
Albania,ALB,1998,2.183720112
Albania,ALB,1999,2.129760027
Albania,ALB,2000,1.689720035
Albania,ALB,2001,1.581050038
Albania,ALB,2003,1.050459981
Albania,ALB,2004,0.911080003
Albania,ALB,2011,1.097300053
Albania,ALB,2012,1.300060034
Albania,ALB,2013,1.814149976
Albania,ALB,2014,2.109669924
Algeria,DZA,2004,0.652800024
Algeria,DZA,2005,0.674520016
Algeria,DZA,2006,0.716780007
Algeria,DZA,2007,0.633229971
Algeria,DZA,2009,0.527719975
Algeria,DZA,2010,0.571889997
Algeria,DZA,2011,0.549319983
Algeria,DZA,2012,0.59582001
Algeria,DZA,2013,0.591019988
Algeria,DZA,2014,0.638549984
Andorra,AND,2002,10.11236
Andorra,AND,2003,10.13072014
Andorra,AND,2013,36.24534988
Angola,AGO,1998,0.599740028
Antigua and Barbuda,ATG,2009,7.714560032
Antigua and Barbuda,ATG,2010,14.01708984
Antigua and Barbuda,ATG,2011,9.550559998
Antigua and Barbuda,ATG,2012,11.99777031
Arab World,,2002,2.647249937
Arab World,,2003,2.618340015
Arab World,,2004,2.433120012
Arab World,,2005,2.298239946
Arab World,,2006,2.322659969
Arab World,,2007,2.389309883
Arab World,,2008,2.483279943
Arab World,,2009,2.590879917
Arab World,,2010,2.701009989
Arab World,,2011,2.851749897
Arab World,,2012,2.820660114
Arab World,,2013,2.959439993
Argentina,ARG,1998,0.185589999
Argentina,ARG,2000,0.184220001
Armenia,ARM,2002,2.316540003
Armenia,ARM,2003,2.06118989
Armenia,ARM,2004,3.089659929
Armenia,ARM,2005,3.615499973
Armenia,ARM,2006,3.643949986
Armenia,ARM,2007,3.494570017
Armenia,ARM,2008,3.2869699
Armenia,ARM,2009,3.392740011
Armenia,ARM,2010,2.748330116
Armenia,ARM,2011,3.005899906
Armenia,ARM,2012,3.433799982
Armenia,ARM,2013,3.016309977
Armenia,ARM,2014,3.949069977
Aruba,ABW,2003,5.442580223
Aruba,ABW,2005,1.899340034
Aruba,ABW,2006,8.070679665
Aruba,ABW,2008,2.274749994
Aruba,ABW,2009,4.872499943
Aruba,ABW,2010,2.703860044
Aruba,ABW,2011,3.554310083
Aruba,ABW,2012,1.373520017
Australia,AUS,1998,12.59095001
Australia,AUS,1999,13.89309025
Australia,AUS,2000,12.51449013
Australia,AUS,2001,13.92753983
Australia,AUS,2002,17.74522972
Australia,AUS,2003,18.70420074
Australia,AUS,2004,16.64550018
Australia,AUS,2005,17.27853966
Australia,AUS,2006,17.75795937
Australia,AUS,2007,19.51860046
Australia,AUS,2008,20.63286972
Australia,AUS,2009,21.47252083
Australia,AUS,2010,21.24822044
Australia,AUS,2011,19.8297596
Australia,AUS,2012,18.29552078
Australia,AUS,2013,17.96994019
Austria,AUT,1999,11.79115009
Austria,AUT,2000,11.63041019
Austria,AUT,2001,11.97041988
Austria,AUT,2002,12.71683025
Austria,AUT,2003,13.53382015
Austria,AUT,2004,14.13160992
Austria,AUT,2006,15.53652
Austria,AUT,2007,16.69585037
Austria,AUT,2008,18.74928093
Austria,AUT,2009,19.37529945
Austria,AUT,2010,19.59495926
Austria,AUT,2011,19.50209999
Austria,AUT,2012,15.42000008
Austria,AUT,2013,16.75872993
Austria,AUT,2014,15.47035027
Azerbaijan,AZE,2006,1.992910028
Azerbaijan,AZE,2007,2.355760098
Azerbaijan,AZE,2008,3.030539989
Azerbaijan,AZE,2009,3.503520012
Azerbaijan,AZE,2010,3.168309927
Azerbaijan,AZE,2011,2.802429914
Azerbaijan,AZE,2012,2.50387001
Azerbaijan,AZE,2013,2.367399931
Azerbaijan,AZE,2014,2.254849911
Bahrain,BHR,2003,6.976260185
Bahrain,BHR,2005,4.230140209
Bahrain,BHR,2006,3.651580095
Bahrain,BHR,2014,13.21333981
Bangladesh,BGD,2002,0.041390002
Bangladesh,BGD,2003,0.043880001
Bangladesh,BGD,2004,0.081820004
Bangladesh,BGD,2005,0.082050003
Bangladesh,BGD,2006,0.089129999
Bangladesh,BGD,2007,0.05841
Bangladesh,BGD,2008,0.081029996
Bangladesh,BGD,2009,0.100429997
Barbados,BRB,2001,7.381879807
Barbados,BRB,2007,7.803589821
Barbados,BRB,2009,10.49985981
Barbados,BRB,2010,12.9534502
Barbados,BRB,2011,13.79920959
Belarus,BLR,1999,0.702210009
Belarus,BLR,2000,0.651679993
Belarus,BLR,2001,0.409590006
Belarus,BLR,2002,0.566510022
Belarus,BLR,2003,0.206900001
Belarus,BLR,2004,0.478560001
Belarus,BLR,2005,0.680599988
Belarus,BLR,2006,0.651080012
Belarus,BLR,2007,0.794749975
Belarus,BLR,2008,1.085350037
Belarus,BLR,2009,1.241919994
Belarus,BLR,2010,1.503939986
Belarus,BLR,2011,1.742849946
Belarus,BLR,2012,2.063240051
Belarus,BLR,2013,2.408710003
Belarus,BLR,2014,2.883430004
Belgium,BEL,1999,10.27210045
Belgium,BEL,2000,10.90631962
Belgium,BEL,2001,10.6189003
Belgium,BEL,2002,10.99617958
Belgium,BEL,2003,11.17555046
Belgium,BEL,2004,6.786149979
Belgium,BEL,2005,5.404739857
Belgium,BEL,2006,6.301290035
Belgium,BEL,2007,6.401529789
Belgium,BEL,2008,7.430309772
Belgium,BEL,2009,7.984360218
Belgium,BEL,2010,8.112569809
Belgium,BEL,2011,8.188679695
Belgium,BEL,2012,8.983240128
Belgium,BEL,2013,9.979359627
Benin,BEN,2008,6.494989872
Benin,BEN,2010,7.920829773
Bermuda,BMU,2009,5.124450207
Bermuda,BMU,2010,5.988969803
Bermuda,BMU,2011,7.006849766
Bermuda,BMU,2012,6.729259968
Bermuda,BMU,2014,19.62457085
Bolivia,BOL,1998,0.500509977
Bosnia and Herzegovina,BIH,2011,4.824389935
Bosnia and Herzegovina,BIH,2012,5.87954998
Bosnia and Herzegovina,BIH,2013,6.482719898
Bosnia and Herzegovina,BIH,2014,7.276060104
Botswana,BWA,2005,3.327399969
Botswana,BWA,2013,2.570379972
Botswana,BWA,2014,1.630820036
Brazil,BRA,2002,0.03517
Brazil,BRA,2003,0.03119
Brazil,BRA,2004,0.02613
Brazil,BRA,2009,0.266829997
Brazil,BRA,2010,0.224910006
Brazil,BRA,2011,0.208269998
Brazil,BRA,2012,0.210189998
Brunei,BRN,1998,3.256769896
Brunei,BRN,1999,1.83536005
Brunei,BRN,2000,1.957829952
Brunei,BRN,2001,4.219689846
Brunei,BRN,2003,0.90188998
Brunei,BRN,2004,4.026850224
Brunei,BRN,2005,3.264980078
Brunei,BRN,2006,2.944639921
Brunei,BRN,2007,3.349740028
Brunei,BRN,2008,3.3886199
Brunei,BRN,2009,4.830520153
Brunei,BRN,2010,3.964679956
Brunei,BRN,2011,5.614250183
Brunei,BRN,2012,4.246640205
Brunei,BRN,2014,3.1881001
Bulgaria,BGR,1999,3.114670038
Bulgaria,BGR,2000,3.106139898
Bulgaria,BGR,2001,3.291419983
Bulgaria,BGR,2002,3.501840115
Bulgaria,BGR,2003,3.481369972
Bulgaria,BGR,2004,3.62677002
Bulgaria,BGR,2005,3.593810081
Bulgaria,BGR,2006,3.84491992
Bulgaria,BGR,2007,3.517699957
Bulgaria,BGR,2008,3.504460096
Bulgaria,BGR,2009,3.435950041
Bulgaria,BGR,2010,3.504179955
Bulgaria,BGR,2011,3.626450062
Bulgaria,BGR,2012,3.934809923
Bulgaria,BGR,2013,4.082980156
Bulgaria,BGR,2014,3.982439995
Burkina Faso,BFA,2005,3.149379969
Burkina Faso,BFA,2011,3.58536005
Burkina Faso,BFA,2012,2.961070061
Burkina Faso,BFA,2013,2.899990082
Burundi,BDI,1999,2.918400049
Burundi,BDI,2000,2.91911006
Burundi,BDI,2002,4.826469898
Burundi,BDI,2010,6.194270134
Burundi,BDI,2011,2.199690104
Burundi,BDI,2012,8.045479774
Burundi,BDI,2013,0.998059988
Cambodia,KHM,2001,0.141639993
Cambodia,KHM,2002,0.12184
Cambodia,KHM,2004,0.088160001
Cambodia,KHM,2006,0.071800001
Cameroon,CMR,2004,1.822340012
Cameroon,CMR,2005,1.597169995
Cameroon,CMR,2006,1.335019946
Cameroon,CMR,2007,1.072399974
Cameroon,CMR,2010,0.84145999
Cameroon,CMR,2011,1.385969996
Canada,CAN,1998,2.357599974
Canada,CAN,1999,2.659729958
Canada,CAN,2000,3.00703001
Cape Verde,CPV,2011,1.351009965
Cape Verde,CPV,2012,1.127120018
Cape Verde,CPV,2013,0.964190006
Cape Verde,CPV,2014,1.351050019
Cayman Islands,CYM,2001,28.14961052
Cayman Islands,CYM,2006,35.27336884
Cayman Islands,CYM,2007,33.5463295
Cayman Islands,CYM,2008,37.93859863
Central African Republic,CAF,2006,10.86956978
Central African Republic,CAF,2012,14.37469959
Chad,TCD,2008,0.421270013
Chad,TCD,2011,4.016590118
Chile,CHL,1999,0.335509986
Chile,CHL,2000,0.768949986
Chile,CHL,2002,0.936140001
Chile,CHL,2003,0.918860018
Chile,CHL,2005,0.296220005
Chile,CHL,2007,1.054690003
Chile,CHL,2008,1.510470033
Chile,CHL,2009,0.856729984
Chile,CHL,2010,0.973829985
Chile,CHL,2011,0.276870012
Chile,CHL,2012,0.309359998
Chile,CHL,2013,0.255620003
China,CHN,2006,0.155760005
China,CHN,2007,0.166250005
China,CHN,2008,0.191210002
China,CHN,2009,0.208939999
China,CHN,2010,0.230859995
China,CHN,2011,0.254370004
China,CHN,2012,0.273059994
China,CHN,2013,0.282799989
Colombia,COL,2014,0.0407
Comoros,COM,2012,0.03286
Congo,COG,2003,0.413060009
Congo,COG,2011,0.114950001
Congo,COG,2013,0.928799987
Costa Rica,CRI,2004,1.434280038
Cote d'Ivoire,CIV,2009,1.23221004
Cote d'Ivoire,CIV,2010,1.260139942
Cote d'Ivoire,CIV,2013,4.3979702
Cote d'Ivoire,CIV,2014,1.677019954
Croatia,HRV,1999,0.476590008
Croatia,HRV,2001,2.611170053
Croatia,HRV,2002,0.624679983
Croatia,HRV,2003,2.329900026
Croatia,HRV,2005,2.568730116
Croatia,HRV,2006,2.498430014
Croatia,HRV,2007,2.491499901
Croatia,HRV,2008,3.297539949
Croatia,HRV,2009,0.501190007
Croatia,HRV,2010,0.559210002
Croatia,HRV,2011,0.448170006
Croatia,HRV,2012,0.535319984
Cuba,CUB,2000,3.887850046
Cuba,CUB,2001,5.468460083
Cuba,CUB,2002,6.115690231
Cuba,CUB,2003,7.294579983
Cuba,CUB,2004,3.456350088
Cuba,CUB,2005,3.054729939
Cuba,CUB,2006,2.20472002
Cuba,CUB,2007,3.109110117
Cuba,CUB,2008,3.008049965
Cuba,CUB,2009,3.188910007
Cuba,CUB,2010,3.775130033
Cuba,CUB,2011,4.108009815
Cuba,CUB,2012,4.522019863
Curacao,CUW,2013,100
Cyprus,CYP,1999,17.15550995
Cyprus,CYP,2000,19.44498062
Cyprus,CYP,2001,20.71393013
Cyprus,CYP,2002,21.95734978
Cyprus,CYP,2003,28.90761948
Cyprus,CYP,2004,32.03511047
Cyprus,CYP,2005,24.37991905
Cyprus,CYP,2006,25.78812027
Cyprus,CYP,2007,25.14958954
Cyprus,CYP,2008,27.93522072
Cyprus,CYP,2009,31.77564049
Cyprus,CYP,2010,31.93000984
Cyprus,CYP,2011,27.99053001
Cyprus,CYP,2012,23.4609108
Cyprus,CYP,2013,14.87876987
Cyprus,CYP,2014,14.34934998
Czechia,CZE,1999,1.982059956
Czechia,CZE,2000,2.155339956
Czechia,CZE,2001,2.980259895
Czechia,CZE,2002,3.428299904
Czechia,CZE,2003,3.602080107
Czechia,CZE,2004,4.680140018
Czechia,CZE,2005,5.507470131
Czechia,CZE,2006,6.329710007
Czechia,CZE,2007,6.739490032
Czechia,CZE,2008,7.109340191
Czechia,CZE,2009,7.346580029
Czechia,CZE,2010,8.000840187
Czechia,CZE,2011,8.526350021
Czechia,CZE,2012,8.962360382
Czechia,CZE,2013,9.390299797
Democratic Republic of Congo,COD,2008,0.296039999
Democratic Republic of Congo,COD,2011,0.459719986
Democratic Republic of Congo,COD,2013,1.177029967
Denmark,DNK,1999,6.487870216
Denmark,DNK,2000,6.8042202
Denmark,DNK,2001,6.534150124
Denmark,DNK,2002,7.38007021
Denmark,DNK,2003,8.981590271
Denmark,DNK,2004,4.551189899
Denmark,DNK,2005,4.413680077
Denmark,DNK,2006,5.322140217
Denmark,DNK,2007,5.467410088
Denmark,DNK,2008,2.769309998
Denmark,DNK,2009,5.363770008
Denmark,DNK,2010,7.537749767
Denmark,DNK,2011,7.821360111
Denmark,DNK,2012,8.131010056
Denmark,DNK,2013,10.12547016
Dominican Republic,DOM,2012,3.483449936
Dominican Republic,DOM,2014,2.342139959
East Asia and Pacific,,1997,1.295799971
East Asia and Pacific,,1998,1.250749946
East Asia and Pacific,,1999,1.218909979
East Asia and Pacific,,2000,1.175150037
East Asia and Pacific,,2001,1.13835001
East Asia and Pacific,,2002,1.324689984
East Asia and Pacific,,2003,1.307039976
East Asia and Pacific,,2004,1.238150001
East Asia and Pacific,,2005,1.207080007
East Asia and Pacific,,2006,1.172889948
East Asia and Pacific,,2007,1.201740026
East Asia and Pacific,,2008,1.244930029
East Asia and Pacific,,2009,1.327499986
East Asia and Pacific,,2010,1.374600053
East Asia and Pacific,,2011,1.383159995
East Asia and Pacific,,2012,1.312469959
East Asia and Pacific,,2013,1.286579967
East Asia and Pacific (excluding high-income countries),,1998,0.36728999
East Asia and Pacific (excluding high-income countries),,1999,0.339679986
East Asia and Pacific (excluding high-income countries),,2000,0.401679993
East Asia and Pacific (excluding high-income countries),,2004,0.260049999
East Asia and Pacific (excluding high-income countries),,2005,0.247280002
East Asia and Pacific (excluding high-income countries),,2006,0.244690001
East Asia and Pacific (excluding high-income countries),,2007,0.268860012
East Asia and Pacific (excluding high-income countries),,2008,0.308209985
East Asia and Pacific (excluding high-income countries),,2009,0.36195001
East Asia and Pacific (excluding high-income countries),,2010,0.385140002
East Asia and Pacific (excluding high-income countries),,2011,0.394450009
East Asia and Pacific (excluding high-income countries),,2012,0.381870002
East Asia and Pacific (excluding high-income countries),,2013,0.381839991
Ecuador,ECU,2012,0.589470029
Egypt,EGY,2003,1.294770002
Egypt,EGY,2004,1.285590053
Egypt,EGY,2005,1.30625999
Egypt,EGY,2006,1.396790028
Egypt,EGY,2007,1.40971005
Egypt,EGY,2010,1.852390051
Egypt,EGY,2013,1.775709987
El Salvador,SLV,1998,0.475239992
El Salvador,SLV,2000,0.490079999
El Salvador,SLV,2001,0.490240008
El Salvador,SLV,2002,0.441929996
El Salvador,SLV,2003,0.450560004
El Salvador,SLV,2005,0.436159998
El Salvador,SLV,2006,0.496969998
El Salvador,SLV,2007,0.580739975
El Salvador,SLV,2008,0.627640009
El Salvador,SLV,2009,0.524160028
El Salvador,SLV,2010,0.50928998
El Salvador,SLV,2011,0.488860011
El Salvador,SLV,2012,0.405039996
El Salvador,SLV,2013,0.428820014
Eritrea,ERI,1999,2.303459883
Eritrea,ERI,2000,1.28173995
Estonia,EST,1999,1.62887001
Estonia,EST,2000,1.609680057
Estonia,EST,2001,1.047109962
Estonia,EST,2002,0.748579979
Estonia,EST,2003,1.713160038
Estonia,EST,2004,1.264109969
Estonia,EST,2005,1.565819979
Estonia,EST,2006,1.553760052
Estonia,EST,2007,1.404739976
Estonia,EST,2008,1.513910055
Estonia,EST,2009,1.58920002
Estonia,EST,2010,1.782999992
Estonia,EST,2011,2.069080114
Estonia,EST,2012,2.326679945
Estonia,EST,2013,2.894789934
Eswatini,SWZ,1999,2.540980101
Eswatini,SWZ,2000,2.300549984
Eswatini,SWZ,2002,2.445600033
Eswatini,SWZ,2006,2.1433599
Eswatini,SWZ,2011,0.887239993
Eswatini,SWZ,2013,0.508870006
Euro area,,1998,4.719190121
Euro area,,1999,4.696229935
Euro area,,2000,4.890580177
Euro area,,2001,5.083230019
Euro area,,2002,5.427760124
Euro area,,2003,6.221739769
Euro area,,2004,6.064129829
Euro area,,2005,5.938610077
Euro area,,2006,6.043700218
Euro area,,2007,6.267300129
Euro area,,2008,6.373410225
Euro area,,2009,6.472670078
Euro area,,2010,6.642839909
Euro area,,2011,6.84815979
Euro area,,2012,6.876589775
Euro area,,2013,6.783400059
Europe and Central Asia,,1998,3.568419933
Europe and Central Asia,,1999,3.509619951
Europe and Central Asia,,2000,3.431969881
Europe and Central Asia,,2001,3.420609951
Europe and Central Asia,,2002,3.435570002
Europe and Central Asia,,2003,3.667789936
Europe and Central Asia,,2004,3.707540035
Europe and Central Asia,,2005,3.755439997
Europe and Central Asia,,2006,3.745630026
Europe and Central Asia,,2007,3.814749956
Europe and Central Asia,,2008,4.015120029
Europe and Central Asia,,2009,4.099110126
Europe and Central Asia,,2010,4.311840057
Europe and Central Asia,,2011,4.622159958
Europe and Central Asia,,2012,4.776259899
Europe and Central Asia,,2013,4.75138998
Europe and Central Asia (excluding high-income countries),,1998,1.808130026
Europe and Central Asia (excluding high-income countries),,1999,1.791110039
Europe and Central Asia (excluding high-income countries),,2000,1.638090014
Europe and Central Asia (excluding high-income countries),,2001,1.424880028
Europe and Central Asia (excluding high-income countries),,2002,1.469079971
Europe and Central Asia (excluding high-income countries),,2003,1.285099983
Europe and Central Asia (excluding high-income countries),,2004,1.325219989
Europe and Central Asia (excluding high-income countries),,2005,1.480499983
Europe and Central Asia (excluding high-income countries),,2006,1.471379995
Europe and Central Asia (excluding high-income countries),,2007,1.510929942
Europe and Central Asia (excluding high-income countries),,2008,1.60334003
Europe and Central Asia (excluding high-income countries),,2009,1.51809001
Europe and Central Asia (excluding high-income countries),,2010,1.546640038
Europe and Central Asia (excluding high-income countries),,2011,1.608899951
Europe and Central Asia (excluding high-income countries),,2012,1.70460999
Europe and Central Asia (excluding high-income countries),,2013,1.885589957
European Union,,1998,5.078179836
European Union,,1999,5.048970222
European Union,,2000,5.086420059
European Union,,2001,5.148009777
European Union,,2002,5.240129948
European Union,,2003,5.855360031
European Union,,2004,5.853330135
European Union,,2005,5.856160164
European Union,,2006,5.963170052
European Union,,2007,6.203229904
European Union,,2008,6.213200092
European Union,,2009,6.399069786
European Union,,2010,6.706270218
European Union,,2011,7.118159771
European Union,,2012,7.236569881
European Union,,2013,7.313389778
Fiji,FJI,2004,32.94218826
Finland,FIN,1998,1.732069969
Finland,FIN,1999,1.843739986
Finland,FIN,2000,2.061549902
Finland,FIN,2001,2.248699903
Finland,FIN,2002,2.381920099
Finland,FIN,2003,2.523789883
Finland,FIN,2004,2.639319897
Finland,FIN,2005,2.758860111
Finland,FIN,2006,3.726619959
Finland,FIN,2007,3.255889893
Finland,FIN,2008,3.650269985
Finland,FIN,2009,4.245490074
Finland,FIN,2010,4.643980026
Finland,FIN,2011,5.094120026
Finland,FIN,2012,5.708849907
Finland,FIN,2013,7.073900223
France,FRA,1999,6.507919788
France,FRA,2000,6.802060127
France,FRA,2001,7.254950047
France,FRA,2002,8.152899742
France,FRA,2003,10.45547009
France,FRA,2004,10.99787045
France,FRA,2005,10.81282997
France,FRA,2006,11.24431992
France,FRA,2007,11.31505013
France,FRA,2008,11.2465601
France,FRA,2009,11.46615982
France,FRA,2010,11.57789993
France,FRA,2011,11.87069035
France,FRA,2012,11.81894016
France,FRA,2013,10.2365303
Gabon,GAB,1999,5.646999836
Gabon,GAB,2001,4.531420231
Gabon,GAB,2003,3.691940069
Georgia,GEO,1999,0.261979997
Georgia,GEO,2000,0.14813
Georgia,GEO,2001,0.29866001
Georgia,GEO,2002,0.295020014
Georgia,GEO,2003,0.27790001
Georgia,GEO,2004,0.285050005
Georgia,GEO,2005,0.122230001
Georgia,GEO,2006,0.099320002
Georgia,GEO,2007,0.302899987
Georgia,GEO,2008,0.477959991
Georgia,GEO,2009,0.524020016
Georgia,GEO,2010,0.787159979
Georgia,GEO,2011,1.545809984
Georgia,GEO,2012,1.680490017
Georgia,GEO,2013,3.033370018
Georgia,GEO,2014,2.828249931
Germany,DEU,2013,7.072589874
Ghana,GHA,2007,1.356259942
Ghana,GHA,2008,1.44738996
Ghana,GHA,2011,1.987669945
Ghana,GHA,2012,3.091989994
Ghana,GHA,2013,3.044100046
Ghana,GHA,2014,3.899869919
Greece,GRC,2002,1.627830029
Greece,GRC,2003,2.218470097
Greece,GRC,2004,2.405499935
Greece,GRC,2005,2.426589966
Greece,GRC,2006,2.535670042
Greece,GRC,2007,3.509949923
Greece,GRC,2010,4.180920124
Greece,GRC,2011,4.968359947
Greece,GRC,2012,4.37127018
Greece,GRC,2013,4.186359882
Grenada,GRD,2009,63.31290054
Guinea,GIN,2004,2.154720068
Guinea,GIN,2006,2.10484004
Guinea,GIN,2008,0.932410002
Guinea,GIN,2011,1.310179949
Guinea,GIN,2012,0.919219971
Guyana,GUY,2005,0.590820014
Guyana,GUY,2007,0.451409996
Guyana,GUY,2009,0.519370019
Guyana,GUY,2010,0.503840029
Guyana,GUY,2011,0.537829995
Guyana,GUY,2012,0.383879989
Heavily-indebted poor countries,,2008,1.168290019
Heavily-indebted poor countries,,2009,1.215399981
Heavily-indebted poor countries,,2010,1.204579949
Heavily-indebted poor countries,,2011,1.242319942
Heavily-indebted poor countries,,2012,1.396759987
Heavily-indebted poor countries,,2013,1.387159944
High-income countries,,1997,3.585720062
High-income countries,,1998,3.607229948
High-income countries,,1999,3.593620062
High-income countries,,2000,3.657789946
High-income countries,,2001,3.71333003
High-income countries,,2002,3.925750017
High-income countries,,2003,4.148059845
High-income countries,,2004,4.159359932
High-income countries,,2005,4.213600159
High-income countries,,2006,4.233479977
High-income countries,,2007,4.369130135
High-income countries,,2008,4.545979977
High-income countries,,2009,4.7009902
High-income countries,,2010,4.850609779
High-income countries,,2011,5.051939964
High-income countries,,2012,5.200019836
High-income countries,,2013,5.346590042
Honduras,HND,2003,0.683200002
Honduras,HND,2010,0.728760004
Honduras,HND,2012,0.904340029
Honduras,HND,2013,0.890479982
Honduras,HND,2014,0.693470001
Hong Kong,HKG,2003,1.819380045
Hong Kong,HKG,2004,2.213589907
Hong Kong,HKG,2005,2.506340027
Hong Kong,HKG,2006,3.157919884
Hong Kong,HKG,2007,3.230089903
Hong Kong,HKG,2008,2.914319992
Hong Kong,HKG,2009,3.635859966
Hong Kong,HKG,2010,3.899739981
Hong Kong,HKG,2011,6.63888979
Hong Kong,HKG,2012,7.819509983
Hong Kong,HKG,2013,8.898619652
Hong Kong,HKG,2014,9.844010353
Hungary,HUN,1998,2.605489969
Hungary,HUN,1999,3.17434001
Hungary,HUN,2000,3.225310087
Hungary,HUN,2001,3.401010036
Hungary,HUN,2002,3.324620008
Hungary,HUN,2003,3.131230116
Hungary,HUN,2004,3.058670044
Hungary,HUN,2005,3.119410038
Hungary,HUN,2006,3.303149939
Hungary,HUN,2007,3.501149893
Hungary,HUN,2008,3.736629963
Hungary,HUN,2009,3.650680065
Hungary,HUN,2010,4.012340069
Hungary,HUN,2011,4.311029911
Hungary,HUN,2012,4.601359844
Hungary,HUN,2013,5.763700008
Iceland,ISL,1998,2.395060062
Iceland,ISL,1999,2.446229935
Iceland,ISL,2000,4.168819904
Iceland,ISL,2001,4.13394022
Iceland,ISL,2002,4.074590206
Iceland,ISL,2003,4.34555006
Iceland,ISL,2004,3.32427001
Iceland,ISL,2006,4.54805994
Iceland,ISL,2007,4.949120045
Iceland,ISL,2008,4.329259872
Iceland,ISL,2009,4.627930164
Iceland,ISL,2010,4.924930096
Iceland,ISL,2011,5.83178997
Iceland,ISL,2012,6.209750175
India,IND,2000,0.074309997
India,IND,2001,0.079219997
India,IND,2002,0.077009998
India,IND,2003,0.068510003
India,IND,2004,0.064029999
India,IND,2005,0.096019998
India,IND,2006,0.096280001
India,IND,2011,0.103299998
India,IND,2012,0.099179998
India,IND,2013,0.122160003
Indonesia,IDN,2005,0.055319998
Indonesia,IDN,2006,0.129329994
Indonesia,IDN,2007,0.139730006
Indonesia,IDN,2008,0.121909998
Indonesia,IDN,2010,0.128710002
Indonesia,IDN,2012,0.116060004
Iran,IRN,2003,0.084579997
Iran,IRN,2004,0.091619998
Iran,IRN,2005,0.090860002
Iran,IRN,2006,0.096799999
Iran,IRN,2007,0.073959999
Iran,IRN,2008,0.036350001
Iran,IRN,2009,0.04332
Iran,IRN,2010,0.083939999
Iran,IRN,2011,0.105460003
Iran,IRN,2012,0.10244
Iran,IRN,2013,0.161569998
Iran,IRN,2014,0.240920007
Iraq,IRQ,2000,2.868330002
Iraq,IRQ,2004,0.862209976
Ireland,IRL,1998,4.835609913
Ireland,IRL,1999,4.752639771
Ireland,IRL,2000,4.615499973
Ireland,IRL,2001,4.926169872
Ireland,IRL,2002,5.221899986
Ireland,IRL,2003,5.618619919
Ireland,IRL,2004,6.742959976
Ireland,IRL,2005,6.907660007
Ireland,IRL,2006,6.847839832
Ireland,IRL,2007,8.803830147
Ireland,IRL,2008,7.166779995
Ireland,IRL,2009,7.08453989
Ireland,IRL,2010,6.952770233
Ireland,IRL,2011,10.70594025
Ireland,IRL,2012,5.761829853
Ireland,IRL,2013,6.4489398
Israel,ISR,2010,0.802489996
Israel,ISR,2011,1.079130054
Israel,ISR,2012,1.188349962
Italy,ITA,1999,1.307340026
Italy,ITA,2000,1.408419967
Italy,ITA,2001,1.61274004
Italy,ITA,2002,1.534190059
Italy,ITA,2003,1.888669968
Italy,ITA,2004,2.045860052
Italy,ITA,2005,2.229330063
Italy,ITA,2006,2.419389963
Italy,ITA,2007,2.816179991
Italy,ITA,2008,3.391799927
Italy,ITA,2009,3.274470091
Italy,ITA,2010,3.529839993
Italy,ITA,2011,3.739840031
Italy,ITA,2012,4.036079884
Italy,ITA,2013,4.402750015
Jamaica,JAM,1999,2.852560043
Jamaica,JAM,2000,2.21420002
Japan,JPN,1998,1.40655005
Japan,JPN,1999,1.435050011
Japan,JPN,2000,1.498990059
Japan,JPN,2001,1.601950049
Japan,JPN,2002,1.888030052
Japan,JPN,2003,2.171089888
Japan,JPN,2004,2.924469948
Japan,JPN,2005,3.118069887
Japan,JPN,2006,3.185519934
Japan,JPN,2007,3.121469975
Japan,JPN,2008,3.213500023
Japan,JPN,2009,3.396780014
Japan,JPN,2010,3.691020012
Japan,JPN,2011,3.90309
Japan,JPN,2012,3.877249956
Japan,JPN,2013,3.515710115
Jordan,JOR,2000,8.548419952
Jordan,JOR,2003,8.494589806
Jordan,JOR,2004,10.85536957
Jordan,JOR,2005,9.861680031
Jordan,JOR,2006,9.772239685
Jordan,JOR,2007,9.730330467
Jordan,JOR,2008,10.45604992
Jordan,JOR,2009,10.37279034
Jordan,JOR,2010,11.11133957
Jordan,JOR,2011,9.931630135
Jordan,JOR,2012,9.109020233
Kazakhstan,KAZ,1999,2.330310106
Kazakhstan,KAZ,2000,1.973369956
Kazakhstan,KAZ,2006,1.240990043
Kazakhstan,KAZ,2012,1.089630008
Kazakhstan,KAZ,2013,1.114590049
Kazakhstan,KAZ,2014,2.658230066
Kazakhstan,KAZ,2015,1.515310049
Kyrgyzstan,KGZ,2001,4.181980133
Kyrgyzstan,KGZ,2002,5.69715023
Kyrgyzstan,KGZ,2003,6.682310104
Kyrgyzstan,KGZ,2004,7.9176898
Kyrgyzstan,KGZ,2005,10.68900967
Kyrgyzstan,KGZ,2006,11.7003603
Kyrgyzstan,KGZ,2007,11.36478043
Kyrgyzstan,KGZ,2008,9.429089546
Kyrgyzstan,KGZ,2009,7.5792799
Kyrgyzstan,KGZ,2010,6.303170204
Kyrgyzstan,KGZ,2013,3.957429886
Laos,LAO,1999,0.654190004
Laos,LAO,2000,0.530070007
Laos,LAO,2001,0.74052
Laos,LAO,2002,0.56042999
Laos,LAO,2003,0.337870002
Laos,LAO,2004,0.636849999
Laos,LAO,2005,0.366899997
Laos,LAO,2006,0.306789994
Laos,LAO,2007,0.338649988
Laos,LAO,2008,0.37112999
Laos,LAO,2009,0.599960029
Laos,LAO,2010,0.612869978
Laos,LAO,2011,0.62717998
Laos,LAO,2012,0.465510011
Laos,LAO,2013,0.231230006
Laos,LAO,2014,0.41001001
Latin America and the Caribbean,,1998,0.470490009
Latin America and the Caribbean,,1999,0.436659992
Latin America and the Caribbean,,2000,0.43107
Latin America and the Caribbean,,2001,0.434650004
Latin America and the Caribbean,,2002,0.421350002
Latin America and the Caribbean,,2003,0.446390003
Latin America and the Caribbean,,2004,0.397810012
Latin America and the Caribbean,,2005,0.390700012
Latin America and the Caribbean,,2006,0.399399996
Latin America and the Caribbean,,2007,0.476520002
Latin America and the Caribbean,,2008,0.493229985
Latin America and the Caribbean,,2009,0.48032999
Latin America and the Caribbean,,2010,0.464130014
Latin America and the Caribbean,,2011,0.406210005
Latin America and the Caribbean,,2012,0.383859992
Latin America and the Caribbean,,2013,0.379370004
Latin America and the Caribbean (excluding high-income countries),,1998,0.438670009
Latin America and the Caribbean (excluding high-income countries),,1999,0.406520009
Latin America and the Caribbean (excluding high-income countries),,2000,0.381819993
Latin America and the Caribbean (excluding high-income countries),,2001,0.384820014
Latin America and the Caribbean (excluding high-income countries),,2002,0.369670004
Latin America and the Caribbean (excluding high-income countries),,2003,0.399360001
Latin America and the Caribbean (excluding high-income countries),,2004,0.362960011
Latin America and the Caribbean (excluding high-income countries),,2005,0.37026
Latin America and the Caribbean (excluding high-income countries),,2006,0.362190008
Latin America and the Caribbean (excluding high-income countries),,2007,0.432330012
Latin America and the Caribbean (excluding high-income countries),,2008,0.431439996
Latin America and the Caribbean (excluding high-income countries),,2009,0.443289995
Latin America and the Caribbean (excluding high-income countries),,2010,0.418749988
Latin America and the Caribbean (excluding high-income countries),,2011,0.391710013
Latin America and the Caribbean (excluding high-income countries),,2012,0.366560012
Latin America and the Caribbean (excluding high-income countries),,2013,0.365040004
Latvia,LVA,1999,2.251290083
Latvia,LVA,2000,6.566410065
Latvia,LVA,2001,7.702640057
Latvia,LVA,2002,2.951129913
Latvia,LVA,2003,2.009350061
Latvia,LVA,2004,1.016800046
Latvia,LVA,2005,1.283030033
Latvia,LVA,2007,1.106590033
Latvia,LVA,2008,1.154510021
Latvia,LVA,2009,1.265949965
Latvia,LVA,2010,1.563509941
Latvia,LVA,2011,1.905519962
Latvia,LVA,2012,2.798820019
Latvia,LVA,2013,3.710020065
Least-developed countries,,2001,1.313040018
Least-developed countries,,2002,1.24319005
Least-developed countries,,2003,1.15636003
Least-developed countries,,2004,1.120859981
Least-developed countries,,2005,1.026720047
Least-developed countries,,2006,0.933000028
Least-developed countries,,2007,0.848469973
Least-developed countries,,2008,0.798979998
Least-developed countries,,2009,0.815909982
Least-developed countries,,2010,0.804409981
Least-developed countries,,2011,0.761870027
Least-developed countries,,2012,0.779209971
Lebanon,LBN,1999,13.7990799
Lebanon,LBN,2000,12.07439995
Lebanon,LBN,2001,11.02091026
Lebanon,LBN,2002,10.62322044
Lebanon,LBN,2003,8.476220131
Lebanon,LBN,2004,9.008310318
Lebanon,LBN,2005,8.491519928
Lebanon,LBN,2006,9.934559822
Lebanon,LBN,2007,12.12156963
Lebanon,LBN,2010,15.04164028
Lebanon,LBN,2011,15.29990959
Lebanon,LBN,2012,12.81610966
Lebanon,LBN,2014,7.641270161
Lesotho,LSO,1999,24.34502983
Lesotho,LSO,2003,1.899150014
Lesotho,LSO,2006,0.623529971
Lesotho,LSO,2012,0.497900009
Lesotho,LSO,2013,0.432020009
Lesotho,LSO,2014,0.394989997
Liechtenstein,LIE,2004,77.44361115
Liechtenstein,LIE,2006,90.09433746
Liechtenstein,LIE,2007,86.47844696
Liechtenstein,LIE,2008,81.625
Liechtenstein,LIE,2009,74.40318298
Liechtenstein,LIE,2010,75.2223587
Liechtenstein,LIE,2011,78.96340942
Liechtenstein,LIE,2012,80.625
Lithuania,LTU,1999,0.444059998
Lithuania,LTU,2000,0.442149997
Lithuania,LTU,2001,0.462029994
Lithuania,LTU,2002,0.459710002
Lithuania,LTU,2003,0.411080003
Lithuania,LTU,2004,0.404040009
Lithuania,LTU,2005,0.438580006
Lithuania,LTU,2006,0.614979982
Lithuania,LTU,2007,0.951189995
Lithuania,LTU,2008,1.443099976
Lithuania,LTU,2009,1.340010047
Lithuania,LTU,2010,1.476359963
Lithuania,LTU,2011,1.60540998
Lithuania,LTU,2012,1.792469978
Lithuania,LTU,2013,2.451550007
Low and middle-income countries,,1999,0.751609981
Low and middle-income countries,,2000,0.728980005
Low and middle-income countries,,2001,0.646430016
Low and middle-income countries,,2002,0.637000024
Low and middle-income countries,,2003,0.589119971
Low and middle-income countries,,2004,0.558309972
Low and middle-income countries,,2005,0.558279991
Low and middle-income countries,,2006,0.549489975
Low and middle-income countries,,2007,0.568830013
Low and middle-income countries,,2008,0.588090003
Low and middle-income countries,,2009,0.598479986
Low and middle-income countries,,2010,0.604139984
Low and middle-income countries,,2011,0.58484
Low and middle-income countries,,2012,0.553650022
Low and middle-income countries,,2013,0.572960019
Low-income countries,,2001,1.063109994
Low-income countries,,2002,1.060299993
Low-income countries,,2003,0.938369989
Low-income countries,,2004,0.917819977
Low-income countries,,2005,0.828700006
Low-income countries,,2006,0.767170012
Low-income countries,,2007,0.743640006
Low-income countries,,2008,0.694630027
Low-income countries,,2009,0.707819998
Low-income countries,,2010,0.693650007
Low-income countries,,2011,0.639970005
Low-income countries,,2012,0.659049988
Lower-middle-income countries,,1999,0.439300001
Lower-middle-income countries,,2000,0.386619985
Lower-middle-income countries,,2001,0.361180007
Lower-middle-income countries,,2002,0.373149991
Lower-middle-income countries,,2003,0.367799997
Lower-middle-income countries,,2004,0.360529989
Lower-middle-income countries,,2005,0.417670012
Lower-middle-income countries,,2006,0.444900006
Lower-middle-income countries,,2007,0.432339996
Lower-middle-income countries,,2008,0.420859993
Lower-middle-income countries,,2009,0.421240002
Lower-middle-income countries,,2010,0.409350008
Lower-middle-income countries,,2011,0.374900013
Lower-middle-income countries,,2012,0.369230002
Lower-middle-income countries,,2013,0.376910001
Luxembourg,LUX,1999,26.09044075
Luxembourg,LUX,2006,42.23625946
Luxembourg,LUX,2008,43.80604172
Luxembourg,LUX,2010,41.40625
Luxembourg,LUX,2012,40.55875015
Macao,MAC,2001,54.1297493
Macao,MAC,2002,64.12078857
Macao,MAC,2003,66.76689911
Macao,MAC,2004,58.94419098
Macao,MAC,2005,54.27412033
Macao,MAC,2006,51.89558029
Macao,MAC,2007,49.98323822
Macao,MAC,2008,49.78155899
Macao,MAC,2009,49.84550858
Macao,MAC,2010,45.82711029
Macao,MAC,2011,44.63777161
Macao,MAC,2012,31.53334045
Macao,MAC,2013,33.57934952
Macao,MAC,2014,36.82801819
Madagascar,MDG,1999,3.474030018
Madagascar,MDG,2002,3.755680084
Madagascar,MDG,2004,2.892529964
Madagascar,MDG,2005,2.727600098
Madagascar,MDG,2006,2.379230022
Madagascar,MDG,2007,1.852069974
Madagascar,MDG,2008,1.717440009
Madagascar,MDG,2009,1.806890011
Madagascar,MDG,2010,1.763739944
Madagascar,MDG,2011,1.673910022
Madagascar,MDG,2012,1.736580014
Madagascar,MDG,2013,1.745380044
Malawi,MWI,2010,1.136360049
Malaysia,MYS,1998,0.706690013
Malaysia,MYS,1999,0.74109
Malaysia,MYS,2000,3.439879894
Malaysia,MYS,2001,2.958080053
Malaysia,MYS,2002,4.385670185
Malaysia,MYS,2003,4.189070225
Malaysia,MYS,2004,3.206370115
Malaysia,MYS,2006,3.310060024
Malaysia,MYS,2007,3.798239946
Malaysia,MYS,2008,4.479320049
Malaysia,MYS,2009,5.778389931
Malaysia,MYS,2010,6.100220203
Malaysia,MYS,2011,6.139309883
Malaysia,MYS,2012,5.220049858
Malaysia,MYS,2013,3.624049902
Mali,MLI,1999,6.542709827
Mali,MLI,2000,6.54144001
Mali,MLI,2011,0.527079999
Malta,MLT,1999,4.367320061
Malta,MLT,2000,5.558189869
Malta,MLT,2001,4.580979824
Malta,MLT,2002,4.82159996
Malta,MLT,2003,4.571879864
Malta,MLT,2004,5.61841011
Malta,MLT,2005,6.408219814
Malta,MLT,2006,7.162069798
Malta,MLT,2007,6.18693018
Malta,MLT,2008,4.613599777
Malta,MLT,2009,4.337329865
Malta,MLT,2011,4.098859787
Malta,MLT,2012,4.84307003
Malta,MLT,2013,5.058060169
Malta,MLT,2014,5.860429764
Marshall Islands,MHL,2012,0.97744
Mauritania,MRT,1999,5.055850029
Mauritania,MRT,2002,3.792979956
Mauritania,MRT,2003,2.013200045
Mauritius,MUS,2004,0.425480008
Mauritius,MUS,2006,0.252009988
Mauritius,MUS,2009,1.558359981
Mauritius,MUS,2010,1.782989979
Mauritius,MUS,2011,1.768509984
Mauritius,MUS,2012,2.30050993
Mauritius,MUS,2013,2.868740082
Mauritius,MUS,2014,3.821340084
Mexico,MEX,1999,0.124760002
Mexico,MEX,2001,0.09488
Mexico,MEX,2002,0.088119999
Mexico,MEX,2013,0.243000001
Middle East and North Africa,,2002,2.139179945
Middle East and North Africa,,2003,2.082429886
Middle East and North Africa,,2004,1.93185997
Middle East and North Africa,,2005,1.82562995
Middle East and North Africa,,2006,1.822919965
Middle East and North Africa,,2007,1.810389996
Middle East and North Africa,,2008,1.80795002
Middle East and North Africa,,2009,1.917279959
Middle East and North Africa,,2010,1.960749984
Middle East and North Africa,,2011,2.024869919
Middle East and North Africa,,2012,1.995949984
Middle East and North Africa,,2013,2.159260035
Middle East and North Africa (excluding high-income countries),,2002,1.278079987
Middle East and North Africa (excluding high-income countries),,2003,1.198539972
Middle East and North Africa (excluding high-income countries),,2004,1.252539992
Middle East and North Africa (excluding high-income countries),,2005,1.163840055
Middle East and North Africa (excluding high-income countries),,2006,1.192399979
Middle East and North Africa (excluding high-income countries),,2007,1.190639973
Middle East and North Africa (excluding high-income countries),,2008,1.212000012
Middle East and North Africa (excluding high-income countries),,2009,1.28508997
Middle East and North Africa (excluding high-income countries),,2010,1.317260027
Middle East and North Africa (excluding high-income countries),,2011,1.317899942
Middle East and North Africa (excluding high-income countries),,2012,1.224400043
Middle East and North Africa (excluding high-income countries),,2013,1.251909971
Middle-income countries,,1998,0.732360005
Middle-income countries,,1999,0.718360007
Middle-income countries,,2000,0.701030016
Middle-income countries,,2001,0.625169992
Middle-income countries,,2002,0.616439998
Middle-income countries,,2003,0.572539985
Middle-income countries,,2004,0.542150021
Middle-income countries,,2005,0.54598999
Middle-income countries,,2006,0.539380014
Middle-income countries,,2007,0.560599983
Middle-income countries,,2008,0.582899988
Middle-income countries,,2009,0.59276998
Middle-income countries,,2010,0.599170029
Middle-income countries,,2011,0.581719995
Middle-income countries,,2012,0.547749996
Middle-income countries,,2013,0.569949985
Moldova,MDA,1999,1.636890054
Moldova,MDA,2000,1.886590004
Moldova,MDA,2001,2.507169962
Moldova,MDA,2002,2.700239897
Moldova,MDA,2003,2.11751008
Moldova,MDA,2004,2.085330009
Moldova,MDA,2005,1.736860037
Moldova,MDA,2006,1.340520024
Moldova,MDA,2007,1.267779946
Moldova,MDA,2008,1.123250008
Moldova,MDA,2009,1.081050038
Moldova,MDA,2010,1.209210038
Moldova,MDA,2011,1.249729991
Moldova,MDA,2012,1.550680041
Moldova,MDA,2013,1.883000016
Mongolia,MNG,1999,0.447360009
Mongolia,MNG,2000,0.312059999
Mongolia,MNG,2001,0.282449991
Mongolia,MNG,2003,0.19382
Mongolia,MNG,2004,0.384409994
Mongolia,MNG,2005,0.615390003
Mongolia,MNG,2006,0.775259972
Mongolia,MNG,2007,0.780139983
Mongolia,MNG,2008,0.796530008
Mongolia,MNG,2009,0.681800008
Mongolia,MNG,2010,0.600839972
Mongolia,MNG,2011,0.60702002
Mongolia,MNG,2012,0.608550012
Mongolia,MNG,2013,0.62142998
Mongolia,MNG,2014,0.644959986
Morocco,MAR,1999,1.533769965
Morocco,MAR,2000,1.522830009
Morocco,MAR,2001,1.445970058
Morocco,MAR,2003,1.522019982
Morocco,MAR,2004,1.856619954
Morocco,MAR,2005,1.348909974
Morocco,MAR,2006,1.567289948
Morocco,MAR,2007,1.901419997
Morocco,MAR,2008,1.882740021
Morocco,MAR,2009,1.890050054
Morocco,MAR,2010,1.924679995
Mozambique,MOZ,2011,0.349009991
Mozambique,MOZ,2013,0.303730011
Mozambique,MOZ,2014,0.369690001
Myanmar,MMR,2007,0.01123
Myanmar,MMR,2011,0.00986
Myanmar,MMR,2012,0.015769999
Namibia,NAM,2002,8.440620422
Namibia,NAM,2003,8.703769684
Namibia,NAM,2005,6.317259789
Namibia,NAM,2006,1.433449984
Namibia,NAM,2008,10.16897964
Nepal,NPL,2009,0.032839999
Nepal,NPL,2011,0.027760001
Netherlands,NLD,1999,2.898370028
Netherlands,NLD,2000,2.873379946
Netherlands,NLD,2001,3.291189909
Netherlands,NLD,2002,3.652309895
Netherlands,NLD,2003,3.897550106
Netherlands,NLD,2004,4.813059807
Netherlands,NLD,2005,4.670410156
Netherlands,NLD,2006,4.664589882
Netherlands,NLD,2007,4.651420116
Netherlands,NLD,2008,4.989659786
Netherlands,NLD,2009,3.827640057
Netherlands,NLD,2010,4.296790123
Netherlands,NLD,2011,4.918759823
Netherlands,NLD,2012,7.245510101
New Zealand,NZL,1998,3.665489912
New Zealand,NZL,1999,4.124129772
New Zealand,NZL,2000,4.774310112
New Zealand,NZL,2001,6.231349945
New Zealand,NZL,2002,9.579739571
New Zealand,NZL,2003,13.48211002
New Zealand,NZL,2004,17.01633072
New Zealand,NZL,2005,16.9903698
New Zealand,NZL,2007,13.61919975
New Zealand,NZL,2008,12.91767979
New Zealand,NZL,2009,14.58057976
New Zealand,NZL,2010,14.22743988
New Zealand,NZL,2011,15.57944965
New Zealand,NZL,2012,15.79232979
New Zealand,NZL,2013,16.11515045
Niger,NER,2004,1.550029993
Niger,NER,2007,1.886100054
Niger,NER,2009,6.415709972
Niger,NER,2010,6.580490112
Niger,NER,2011,6.601920128
Niger,NER,2012,5.426390171
North America,,1997,3.010489941
North America,,1998,3.170249939
North America,,1999,3.231760025
North America,,2000,3.549459934
North America,,2001,3.493989944
North America,,2002,3.683680058
North America,,2003,3.610640049
North America,,2004,3.506479979
North America,,2005,3.550659895
North America,,2006,3.475749969
North America,,2007,3.610100031
North America,,2008,3.666349888
North America,,2009,3.697230101
North America,,2010,3.630559921
North America,,2011,3.709990025
North America,,2012,3.915100098
North America,,2013,4.308650017
North Korea,PRK,2009,0.080920003
North Macedonia,MKD,1999,0.793940008
North Macedonia,MKD,2000,0.650020003
North Macedonia,MKD,2001,0.424890012
North Macedonia,MKD,2002,0.301950008
North Macedonia,MKD,2003,0.247679994
North Macedonia,MKD,2004,0.315200001
North Macedonia,MKD,2005,0.551010013
North Macedonia,MKD,2006,0.386619985
North Macedonia,MKD,2007,1.518929958
North Macedonia,MKD,2008,2.042619944
North Macedonia,MKD,2009,2.194789886
North Macedonia,MKD,2012,2.166840076
North Macedonia,MKD,2013,2.160439968
Norway,NOR,1998,4.544710159
Norway,NOR,1999,4.802589893
Norway,NOR,2000,4.555809975
Norway,NOR,2001,4.648149967
Norway,NOR,2002,4.823309898
Norway,NOR,2003,5.207280159
Norway,NOR,2004,5.794849873
Norway,NOR,2005,6.263440132
Norway,NOR,2006,6.658720016
Norway,NOR,2007,7.256189823
Norway,NOR,2008,7.572219849
Norway,NOR,2009,7.983779907
Norway,NOR,2010,7.003369808
Norway,NOR,2011,7.237649918
Norway,NOR,2012,7.746490002
Norway,NOR,2013,3.615279913
OECD Member countries,,1997,3.498029947
OECD Member countries,,1998,3.543329954
OECD Member countries,,1999,3.571160078
OECD Member countries,,2000,3.660480022
OECD Member countries,,2001,3.712949991
OECD Member countries,,2002,3.97935009
OECD Member countries,,2003,4.231659889
OECD Member countries,,2004,4.253389835
OECD Member countries,,2005,4.3134799
OECD Member countries,,2006,4.352089882
OECD Member countries,,2007,4.54020977
OECD Member countries,,2008,4.593850136
OECD Member countries,,2009,4.72052002
OECD Member countries,,2010,4.761829853
OECD Member countries,,2011,4.876609802
OECD Member countries,,2012,4.908520222
OECD Member countries,,2013,5.01376009
Oman,OMN,2006,0.375290006
Oman,OMN,2007,0.268079996
Oman,OMN,2008,2.192470074
Oman,OMN,2009,1.899230003
Oman,OMN,2010,2.28918004
Oman,OMN,2011,2.362430096
Oman,OMN,2013,2.634419918
Oman,OMN,2014,3.035759926
Pakistan,PAK,2003,0.096989997
Palau,PLW,2001,2.291670084
Palau,PLW,2013,22.82735062
Palestine,PSE,1999,4.17911005
Palestine,PSE,2000,1.091179967
Palestine,PSE,2001,0.469309986
Papua New Guinea,PNG,1998,3.22548008
Philippines,PHL,1999,0.159099996
Philippines,PHL,2001,0.095519997
Philippines,PHL,2002,0.105740003
Philippines,PHL,2003,0.195449993
Philippines,PHL,2004,0.144360006
Philippines,PHL,2005,0.201279998
Philippines,PHL,2006,0.206760004
Philippines,PHL,2008,0.100510001
Poland,POL,1998,0.46972999
Poland,POL,1999,0.406910002
Poland,POL,2000,0.38725999
Poland,POL,2001,0.375160009
Poland,POL,2002,0.387140006
Poland,POL,2003,0.383590013
Poland,POL,2004,0.397100002
Poland,POL,2005,0.480859995
Poland,POL,2006,0.52967
Poland,POL,2007,0.60650003
Poland,POL,2008,0.690909982
Poland,POL,2009,0.789579988
Poland,POL,2010,0.854290009
Poland,POL,2011,0.99555999
Poland,POL,2012,1.172019958
Poland,POL,2013,1.459489942
Portugal,PRT,2000,2.990540028
Portugal,PRT,2002,3.956619978
Portugal,PRT,2003,3.862730026
Portugal,PRT,2004,4.089220047
Portugal,PRT,2005,4.465310097
Portugal,PRT,2006,4.649179935
Portugal,PRT,2007,4.894619942
Portugal,PRT,2008,2.149539948
Portugal,PRT,2009,2.44904995
Portugal,PRT,2010,2.876230001
Portugal,PRT,2011,3.37045002
Portugal,PRT,2012,4.746679783
Portugal,PRT,2013,3.91940999
Qatar,QAT,2001,20.70952988
Qatar,QAT,2002,21.00625992
Qatar,QAT,2003,20.86634064
Qatar,QAT,2004,12.59825993
Qatar,QAT,2005,24.51799011
Qatar,QAT,2008,36.22159958
Qatar,QAT,2009,36.53392029
Qatar,QAT,2010,39.13042831
Qatar,QAT,2011,40.30744934
Qatar,QAT,2012,41.43402863
Qatar,QAT,2013,40.70901871
Qatar,QAT,2014,39.90496826
Romania,ROU,1999,3.256890059
Romania,ROU,2000,2.781800032
Romania,ROU,2001,2.188679934
Romania,ROU,2002,1.821990013
Romania,ROU,2003,1.511080027
Romania,ROU,2004,1.529199958
Romania,ROU,2005,1.463439941
Romania,ROU,2006,1.028419971
Romania,ROU,2007,1.010910034
Romania,ROU,2008,1.311439991
Romania,ROU,2009,0.944459975
Romania,ROU,2010,1.346539974
Romania,ROU,2011,1.843799949
Romania,ROU,2013,3.487950087
Russia,RUS,2000,0.650889993
Russia,RUS,2001,0.894339979
Russia,RUS,2002,0.88805002
Russia,RUS,2003,0.798420012
Russia,RUS,2004,0.880620003
Russia,RUS,2005,1.004639983
Russia,RUS,2006,0.844720006
Russia,RUS,2007,0.64339
Russia,RUS,2008,1.448070049
Russia,RUS,2009,1.390020013
Russia,RUS,2011,1.917459965
Russia,RUS,2012,2.174930096
Russia,RUS,2013,1.839709997
Rwanda,RWA,1999,1.144770026
Rwanda,RWA,2001,0.718640029
Rwanda,RWA,2012,0.763559997
Rwanda,RWA,2013,0.955649972
Saint Kitts and Nevis,KNA,2014,73.23365784
Saint Lucia,LCA,2006,5.712530136
Saint Lucia,LCA,2007,6.536859989
Saint Lucia,LCA,2008,9.080329895
Saint Lucia,LCA,2009,7.367670059
Saint Lucia,LCA,2010,16.77647972
Saint Lucia,LCA,2011,11.29339981
Saint Lucia,LCA,2012,19.31074905
Saint Lucia,LCA,2013,16.53746986
Saint Lucia,LCA,2014,22.79151917
Samoa,WSM,1998,7.422399998
Samoa,WSM,1999,5.291289806
Samoa,WSM,2000,11.16751003
Saudi Arabia,SAU,1999,1.63812995
Saudi Arabia,SAU,2000,1.871099949
Saudi Arabia,SAU,2003,4.072569847
Saudi Arabia,SAU,2004,2.125989914
Saudi Arabia,SAU,2005,2.152970076
Saudi Arabia,SAU,2006,2.150540113
Saudi Arabia,SAU,2007,2.62687993
Saudi Arabia,SAU,2008,2.619329929
Saudi Arabia,SAU,2009,2.626919985
Saudi Arabia,SAU,2010,2.973880053
Saudi Arabia,SAU,2011,3.41940999
Saudi Arabia,SAU,2012,3.861170053
Saudi Arabia,SAU,2013,4.580780029
Saudi Arabia,SAU,2014,4.795320034
Senegal,SEN,1999,4.419340134
Serbia,SRB,2007,2.927400112
Serbia,SRB,2008,4.738679886
Serbia,SRB,2009,4.411290169
Serbia,SRB,2010,4.181729794
Serbia,SRB,2011,3.606509924
Serbia,SRB,2012,3.855200052
Serbia,SRB,2013,3.737260103
Serbia,SRB,2014,3.670609951
Singapore,SGP,2009,20.33942032
Singapore,SGP,2010,22.78000069
Singapore,SGP,2011,20.22660065
Singapore,SGP,2012,21.74497032
Singapore,SGP,2013,19.16522026
Slovakia,SVK,2000,1.155140042
Slovakia,SVK,2001,1.174350023
Slovakia,SVK,2002,1.079630017
Slovakia,SVK,2003,1.044350028
Slovakia,SVK,2004,0.940079987
Slovakia,SVK,2005,0.88578999
Slovakia,SVK,2006,0.814880013
Slovakia,SVK,2007,0.872210026
Slovakia,SVK,2008,2.264709949
Slovakia,SVK,2009,2.685570002
Slovakia,SVK,2010,3.388109922
Slovakia,SVK,2011,3.865580082
Slovakia,SVK,2012,4.094890118
Slovakia,SVK,2013,4.859620094
Slovenia,SVN,1999,0.82652998
Slovenia,SVN,2000,0.928219974
Slovenia,SVN,2001,0.944320023
Slovenia,SVN,2002,0.958530009
Slovenia,SVN,2003,0.94915998
Slovenia,SVN,2004,0.850610018
Slovenia,SVN,2005,0.969460011
Slovenia,SVN,2006,0.948660016
Slovenia,SVN,2007,1.030670047
Slovenia,SVN,2008,1.178920031
Slovenia,SVN,2009,1.775490046
Slovenia,SVN,2010,1.683599949
Slovenia,SVN,2011,1.844419956
Slovenia,SVN,2012,2.266279936
Slovenia,SVN,2013,2.623179913
South Africa,ZAF,2012,4.194009781
South Africa,ZAF,2013,4.089540005
South Asia,,1999,0.086369999
South Asia,,2000,0.076779999
South Asia,,2001,0.079630002
South Asia,,2002,0.077500001
South Asia,,2003,0.069920003
South Asia,,2004,0.067550004
South Asia,,2005,0.093139999
South Asia,,2006,0.093500003
South Asia,,2007,0.096929997
South Asia,,2008,0.101510003
South Asia,,2009,0.109200001
South Asia,,2010,0.109470002
South Asia,,2011,0.097039998
South Asia,,2012,0.092649996
South Asia,,2013,0.09347
South Korea,KOR,1998,0.096270002
South Korea,KOR,1999,0.101099998
South Korea,KOR,2000,0.112300001
South Korea,KOR,2001,0.123010002
South Korea,KOR,2002,0.154390007
South Korea,KOR,2003,0.243310004
South Korea,KOR,2004,0.334210008
South Korea,KOR,2005,0.482740015
South Korea,KOR,2006,0.694750011
South Korea,KOR,2007,0.995549977
South Korea,KOR,2008,1.258370042
South Korea,KOR,2009,1.55411005
South Korea,KOR,2010,1.810490012
South Korea,KOR,2011,1.867540002
South Korea,KOR,2013,1.771780014
South Korea,KOR,2014,1.661630034
Spain,ESP,1999,1.844329953
Spain,ESP,2000,2.224669933
Spain,ESP,2001,2.178529978
Spain,ESP,2002,2.447669983
Spain,ESP,2003,2.914200068
Spain,ESP,2004,0.817979991
Spain,ESP,2005,0.97687
Spain,ESP,2006,1.017519951
Spain,ESP,2007,1.816089988
Spain,ESP,2008,2.118230104
Spain,ESP,2009,2.694139957
Spain,ESP,2010,2.981309891
Spain,ESP,2011,3.21130991
Spain,ESP,2012,2.836410046
Spain,ESP,2013,2.861819983
Sri Lanka,LKA,2011,0.179529995
Sri Lanka,LKA,2012,0.138180003
Sri Lanka,LKA,2013,0.27403
Sri Lanka,LKA,2014,0.27542001
Sub-Saharan Africa,,1998,2.237030029
Sub-Saharan Africa,,1999,2.901439905
Sub-Saharan Africa,,2007,1.917099953
Sub-Saharan Africa,,2008,1.892560005
Sub-Saharan Africa,,2009,1.810150027
Sub-Saharan Africa,,2010,1.827219963
Sub-Saharan Africa,,2011,1.874130011
Sub-Saharan Africa,,2012,1.560780048
Sub-Saharan Africa,,2013,1.546769977
Sub-Saharan Africa (excluding high-income countries),,1998,2.237849951
Sub-Saharan Africa (excluding high-income countries),,1999,2.902519941
Sub-Saharan Africa (excluding high-income countries),,2007,1.917760015
Sub-Saharan Africa (excluding high-income countries),,2008,1.893210053
Sub-Saharan Africa (excluding high-income countries),,2009,1.810760021
Sub-Saharan Africa (excluding high-income countries),,2010,1.827810049
Sub-Saharan Africa (excluding high-income countries),,2011,1.874729991
Sub-Saharan Africa (excluding high-income countries),,2012,1.561269999
Sub-Saharan Africa (excluding high-income countries),,2013,1.547230005
Sweden,SWE,1999,7.284470081
Sweden,SWE,2000,7.365129948
Sweden,SWE,2001,7.347080231
Sweden,SWE,2002,7.486989975
Sweden,SWE,2003,7.830329895
Sweden,SWE,2004,4.015850067
Sweden,SWE,2005,4.678909779
Sweden,SWE,2006,5.043610096
Sweden,SWE,2007,5.35036993
Sweden,SWE,2008,5.567500114
Sweden,SWE,2009,6.398789883
Sweden,SWE,2010,6.930170059
Sweden,SWE,2011,7.879099846
Sweden,SWE,2012,6.315289974
Sweden,SWE,2013,5.8261199
Switzerland,CHE,1999,16.15065002
Switzerland,CHE,2000,16.57518959
Switzerland,CHE,2001,16.99485016
Switzerland,CHE,2002,17.22727013
Switzerland,CHE,2003,17.66300011
Switzerland,CHE,2004,18.2217598
Switzerland,CHE,2005,18.42399979
Switzerland,CHE,2006,17.89277077
Switzerland,CHE,2007,17.97974968
Switzerland,CHE,2008,14.12489033
Switzerland,CHE,2009,14.92453957
Switzerland,CHE,2010,15.36163044
Switzerland,CHE,2011,16.22183037
Switzerland,CHE,2012,16.49571991
Switzerland,CHE,2013,16.85936928
Tajikistan,TJK,1999,5.201990128
Tajikistan,TJK,2000,4.60529995
Tajikistan,TJK,2001,2.480870008
Tajikistan,TJK,2002,3.587290049
Tajikistan,TJK,2003,1.801110029
Tajikistan,TJK,2004,1.606539965
Tajikistan,TJK,2005,0.672360003
Tajikistan,TJK,2006,0.644909978
Tajikistan,TJK,2007,1.574180007
Tajikistan,TJK,2008,1.584249973
Tajikistan,TJK,2009,1.677549958
Tajikistan,TJK,2010,1.727159977
Tajikistan,TJK,2011,1.818529963
Tajikistan,TJK,2012,1.600419998
Tajikistan,TJK,2013,0.855740011
Tajikistan,TJK,2014,0.553619981
Tajikistan,TJK,2015,0.830200016
Tanzania,TZA,2003,1.275400043
Tanzania,TZA,2004,0.640309989
Thailand,THA,1999,0.103739999
Thailand,THA,2001,0.119670004
Thailand,THA,2002,0.189850003
Thailand,THA,2004,0.185210004
Thailand,THA,2005,0.183709994
Thailand,THA,2006,0.23951
Thailand,THA,2007,0.340869993
Thailand,THA,2008,0.449169993
Thailand,THA,2009,0.676840007
Thailand,THA,2010,0.785139978
Thailand,THA,2011,0.807060003
Thailand,THA,2012,0.835600019
Togo,TGO,2007,1.412220001
Trinidad and Tobago,TTO,1999,13.25938034
Trinidad and Tobago,TTO,2000,16.31122971
Trinidad and Tobago,TTO,2001,14.05850983
Trinidad and Tobago,TTO,2002,10.17780018
Trinidad and Tobago,TTO,2004,5.784729958
Tunisia,TUN,1999,1.752840042
Tunisia,TUN,2000,1.530740023
Tunisia,TUN,2001,1.222350001
Tunisia,TUN,2002,1.097370028
Tunisia,TUN,2003,0.831749976
Tunisia,TUN,2004,0.773370028
Tunisia,TUN,2008,0.694970012
Tunisia,TUN,2009,0.651380002
Tunisia,TUN,2010,0.595309973
Tunisia,TUN,2011,0.561429977
Tunisia,TUN,2012,0.531910002
Tunisia,TUN,2013,1.848289967
Turkey,TUR,1998,1.323899984
Turkey,TUR,1999,1.251889944
Turkey,TUR,2001,1.036219954
Turkey,TUR,2002,0.973100007
Turkey,TUR,2003,0.663489997
Turkey,TUR,2004,0.7755
Turkey,TUR,2005,0.86243999
Turkey,TUR,2006,0.814329982
Turkey,TUR,2007,0.784829974
Turkey,TUR,2008,0.798340023
Turkey,TUR,2009,0.74883002
Turkey,TUR,2010,0.732089996
Turkey,TUR,2011,0.815230012
Turkey,TUR,2012,0.886399984
Turkey,TUR,2013,1.093050003
Turkmenistan,TKM,2014,0.195899993
Uganda,UGA,2011,10.73262024
Ukraine,UKR,1999,1.054229975
Ukraine,UKR,2001,0.660260022
Ukraine,UKR,2002,0.806209981
Ukraine,UKR,2003,0.791299999
Ukraine,UKR,2004,0.633729994
Ukraine,UKR,2005,0.89289999
Ukraine,UKR,2006,0.971520007
Ukraine,UKR,2007,1.050420046
Ukraine,UKR,2008,1.143829942
Ukraine,UKR,2009,1.278450012
Ukraine,UKR,2010,1.429749966
Ukraine,UKR,2011,1.511019945
Ukraine,UKR,2012,1.823889971
Ukraine,UKR,2013,2.252729893
Ukraine,UKR,2014,2.797590017
United Arab Emirates,ARE,2011,42.81026077
United Arab Emirates,ARE,2012,44.53160095
United Arab Emirates,ARE,2013,44.6292305
United Arab Emirates,ARE,2014,44.81966019
United Kingdom,GBR,1998,10.8105402
United Kingdom,GBR,1999,11.17465019
United Kingdom,GBR,2000,11.01387024
United Kingdom,GBR,2001,10.91843033
United Kingdom,GBR,2002,10.1430397
United Kingdom,GBR,2003,11.15610027
United Kingdom,GBR,2004,13.35101032
United Kingdom,GBR,2005,13.91882992
United Kingdom,GBR,2006,14.12938023
United Kingdom,GBR,2007,14.87504959
United Kingdom,GBR,2008,14.6723299
United Kingdom,GBR,2009,15.27676964
United Kingdom,GBR,2010,15.7292099
United Kingdom,GBR,2011,16.8498497
United Kingdom,GBR,2012,17.13636971
United Kingdom,GBR,2013,17.46262932
United States,USA,1998,3.242889881
United States,USA,1999,3.282180071
United States,USA,2000,3.59897995
United States,USA,2001,3.495019913
United States,USA,2002,3.660200119
United States,USA,2003,3.529530048
United States,USA,2004,3.387530088
United States,USA,2005,3.416840076
United States,USA,2006,3.343640089
United States,USA,2007,3.355360031
United States,USA,2008,3.422130108
United States,USA,2009,3.458029985
United States,USA,2010,3.352339983
United States,USA,2011,3.376290083
United States,USA,2012,3.527090073
United States,USA,2013,3.927510023
Upper-middle-income countries,,1998,0.938979983
Upper-middle-income countries,,1999,0.963180006
Upper-middle-income countries,,2000,0.973230004
Upper-middle-income countries,,2001,0.836160004
Upper-middle-income countries,,2002,0.79974997
Upper-middle-income countries,,2003,0.714900017
Upper-middle-income countries,,2004,0.662899971
Upper-middle-income countries,,2005,0.627020001
Upper-middle-income countries,,2006,0.596459985
Upper-middle-income countries,,2007,0.639450014
Upper-middle-income countries,,2008,0.685699999
Upper-middle-income countries,,2009,0.701390028
Upper-middle-income countries,,2010,0.721780002
Upper-middle-income countries,,2011,0.731369972
Upper-middle-income countries,,2012,0.680019975
Upper-middle-income countries,,2013,0.710309982
Uruguay,URY,1999,0.948719978
Uzbekistan,UZB,2006,0.052700002
Uzbekistan,UZB,2007,0.085950002
Uzbekistan,UZB,2008,0.104340002
Uzbekistan,UZB,2009,0.126670003
Uzbekistan,UZB,2010,0.149719998
Uzbekistan,UZB,2011,0.136250004
Venezuela,VEN,2002,0.022530001
Venezuela,VEN,2004,0.235479996
Venezuela,VEN,2008,0.090690002
Vietnam,VNM,1999,0.062830001
Vietnam,VNM,2000,0.08495
Vietnam,VNM,2001,0.08822
Vietnam,VNM,2002,0.119290002
Vietnam,VNM,2003,0.126350001
Vietnam,VNM,2005,0.151559994
Vietnam,VNM,2007,0.203449994
Vietnam,VNM,2008,0.203160003
Vietnam,VNM,2009,0.237100005
Vietnam,VNM,2010,0.161349997
Vietnam,VNM,2011,0.166720003
Vietnam,VNM,2012,0.176719993
Vietnam,VNM,2013,0.160349995
Vietnam,VNM,2014,0.094350003
World,OWID_WRL,1997,2.221920013
World,OWID_WRL,1998,2.158499956
World,OWID_WRL,1999,2.111099958
World,OWID_WRL,2000,2.080470085
World,OWID_WRL,2001,2.026849985
World,OWID_WRL,2002,2.103800058
World,OWID_WRL,2003,2.128240108
World,OWID_WRL,2004,2.05708003
World,OWID_WRL,2005,2.039760113
World,OWID_WRL,2006,1.979099989
World,OWID_WRL,2007,1.987169981
World,OWID_WRL,2008,2.007889986
World,OWID_WRL,2009,2.031689882
World,OWID_WRL,2010,2.056070089
World,OWID_WRL,2011,2.055459976
World,OWID_WRL,2012,2.029299974
World,OWID_WRL,2013,2.042880058
Yemen,YEM,2007,2.710449934
Yemen,YEM,2011,4.25909996
Zimbabwe,ZWE,2010,0.934350014
Zimbabwe,ZWE,2011,0.694649994
Zimbabwe,ZWE,2012,0.374419987